,date,hour,month,day_type,temperature_goal,voltaic_energy_in,other_devices_energy_out,outside_temperature,buy_energy_cost,sell_energy_value,energy_for_temperature_on_stable_level,energy_for_1_celsius_heatup,time_for_1_celsius_drop,other_devices_energy_in
0,2016-03-01,0,3,Dni robocze,20,0.0,0.5,18,1.0,0.5,0.5,2.0,6.0,0.35
1,2016-03-02,0,3,Dni robocze,20,0.0,0.5,19,1.0,0.5,0.5,2.0,6.0,0.35
2,2016-03-03,0,3,Dni robocze,20,0.0,0.5,21,1.0,0.5,0.0,,,0.35
3,2016-03-04,0,3,Dni robocze,20,0.0,0.5,20,1.0,0.5,0.5,2.0,6.0,0.35
4,2016-03-05,0,3,Dni robocze,20,0.0,0.5,22,1.0,0.5,0.0,,,0.35
5,2016-03-08,0,3,Dni robocze,20,0.0,0.5,14,1.0,0.5,1.0,4.0,4.0,0.35
6,2016-03-09,0,3,Dni robocze,20,0.0,0.5,13,1.0,0.5,1.0,4.0,4.0,0.35
7,2016-03-10,0,3,Dni robocze,20,0.0,0.5,16,1.0,0.5,0.5,2.0,6.0,0.35
8,2016-03-11,0,3,Dni robocze,20,0.0,0.5,18,1.0,0.5,0.5,2.0,6.0,0.35
9,2016-03-12,0,3,Dni robocze,20,0.0,0.5,22,1.0,0.5,0.0,,,0.35
10,2016-03-15,0,3,Dni robocze,20,0.0,0.5,21,1.0,0.5,0.0,,,0.35
11,2016-03-16,0,3,Dni robocze,20,0.0,0.5,14,1.0,0.5,1.0,4.0,4.0,0.35
12,2016-03-17,0,3,Dni robocze,20,0.0,0.5,17,1.0,0.5,0.5,2.0,6.0,0.35
13,2016-03-18,0,3,Dni robocze,20,0.0,0.5,21,1.0,0.5,0.0,,,0.35
14,2016-03-19,0,3,Dni robocze,20,0.0,0.5,21,1.0,0.5,0.0,,,0.35
15,2016-03-22,0,3,Dni robocze,20,0.0,0.5,24,1.0,0.5,0.0,,,0.35
16,2016-03-24,0,3,Dni robocze,20,0.0,0.5,11,1.0,0.5,1.0,4.0,4.0,0.35
17,2016-03-25,0,3,Dni robocze,20,0.0,0.5,16,1.0,0.5,0.5,2.0,6.0,0.35
18,2016-03-26,0,3,Dni robocze,20,0.0,0.5,17,1.0,0.5,0.5,2.0,6.0,0.35
19,2016-03-29,0,3,Dni robocze,20,0.0,0.5,21,1.0,0.5,0.0,,,0.35
20,2016-03-30,0,3,Dni robocze,20,0.0,0.5,20,1.0,0.5,0.5,2.0,6.0,0.35
21,2016-03-31,0,3,Dni robocze,20,0.0,0.5,10,1.0,0.5,1.0,4.0,4.0,0.35
22,2016-03-06,0,3,Dni wolne od pracy,20,0.0,0.5,19,1.0,0.5,0.5,2.0,6.0,0.35
23,2016-03-20,0,3,Dni wolne od pracy,20,0.0,0.5,16,1.0,0.5,0.5,2.0,6.0,0.35
24,2016-03-27,0,3,Dni wolne od pracy,20,0.0,0.5,13,1.0,0.5,1.0,4.0,4.0,0.35
25,2016-03-01,1,3,Dni robocze,20,0.0,0.5,16,1.0,0.5,0.5,2.0,6.0,0.35
26,2016-03-02,1,3,Dni robocze,20,0.0,0.5,19,1.0,0.5,0.5,2.0,6.0,0.35
27,2016-03-03,1,3,Dni robocze,20,0.0,0.5,19,1.0,0.5,0.5,2.0,6.0,0.35
28,2016-03-04,1,3,Dni robocze,20,0.0,0.5,18,1.0,0.5,0.5,2.0,6.0,0.35
29,2016-03-05,1,3,Dni robocze,20,0.0,0.5,19,1.0,0.5,0.5,2.0,6.0,0.35
30,2016-03-08,1,3,Dni robocze,20,0.0,0.5,13,1.0,0.5,1.0,4.0,4.0,0.35
31,2016-03-09,1,3,Dni robocze,20,0.0,0.5,12,1.0,0.5,1.0,4.0,4.0,0.35
32,2016-03-10,1,3,Dni robocze,20,0.0,0.5,15,1.0,0.5,1.0,4.0,4.0,0.35
33,2016-03-11,1,3,Dni robocze,20,0.0,0.5,17,1.0,0.5,0.5,2.0,6.0,0.35
34,2016-03-12,1,3,Dni robocze,20,0.0,0.5,21,1.0,0.5,0.0,,,0.35
35,2016-03-15,1,3,Dni robocze,20,0.0,0.5,20,1.0,0.5,0.5,2.0,6.0,0.35
36,2016-03-16,1,3,Dni robocze,20,0.0,0.5,13,1.0,0.5,1.0,4.0,4.0,0.35
37,2016-03-17,1,3,Dni robocze,20,0.0,0.5,17,1.0,0.5,0.5,2.0,6.0,0.35
38,2016-03-18,1,3,Dni robocze,20,0.0,0.5,21,1.0,0.5,0.0,,,0.35
39,2016-03-19,1,3,Dni robocze,20,0.0,0.5,19,1.0,0.5,0.5,2.0,6.0,0.35
40,2016-03-22,1,3,Dni robocze,20,0.0,0.5,22,1.0,0.5,0.0,,,0.35
41,2016-03-23,1,3,Dni robocze,20,0.0,0.5,22,1.0,0.5,0.0,,,0.35
42,2016-03-24,1,3,Dni robocze,20,0.0,0.5,11,1.0,0.5,1.0,4.0,4.0,0.35
43,2016-03-25,1,3,Dni robocze,20,0.0,0.5,14,1.0,0.5,1.0,4.0,4.0,0.35
44,2016-03-26,1,3,Dni robocze,20,0.0,0.5,16,1.0,0.5,0.5,2.0,6.0,0.35
45,2016-03-29,1,3,Dni robocze,20,0.0,0.5,19,1.0,0.5,0.5,2.0,6.0,0.35
46,2016-03-31,1,3,Dni robocze,20,0.0,0.5,10,1.0,0.5,1.0,4.0,4.0,0.35
47,2016-03-06,1,3,Dni wolne od pracy,20,0.0,0.5,20,1.0,0.5,0.5,2.0,6.0,0.35
48,2016-03-13,1,3,Dni wolne od pracy,20,0.0,0.5,8,1.0,0.5,1.0,4.0,4.0,0.35
49,2016-03-20,1,3,Dni wolne od pracy,20,0.0,0.5,17,1.0,0.5,0.5,2.0,6.0,0.35
50,2016-03-27,1,3,Dni wolne od pracy,20,0.0,0.5,12,1.0,0.5,1.0,4.0,4.0,0.35
51,2016-03-01,2,3,Dni robocze,20,0.0,0.5,14,1.0,0.5,1.0,4.0,4.0,0.35
52,2016-03-02,2,3,Dni robocze,20,0.0,0.5,16,1.0,0.5,0.5,2.0,6.0,0.35
53,2016-03-03,2,3,Dni robocze,20,0.0,0.5,17,1.0,0.5,0.5,2.0,6.0,0.35
54,2016-03-04,2,3,Dni robocze,20,0.0,0.5,16,1.0,0.5,0.5,2.0,6.0,0.35
55,2016-03-05,2,3,Dni robocze,20,0.0,0.5,16,1.0,0.5,0.5,2.0,6.0,0.35
56,2016-03-09,2,3,Dni robocze,20,0.0,0.5,11,1.0,0.5,1.0,4.0,4.0,0.35
57,2016-03-10,2,3,Dni robocze,20,0.0,0.5,12,1.0,0.5,1.0,4.0,4.0,0.35
58,2016-03-11,2,3,Dni robocze,20,0.0,0.5,17,1.0,0.5,0.5,2.0,6.0,0.35
59,2016-03-12,2,3,Dni robocze,20,0.0,0.5,19,1.0,0.5,0.5,2.0,6.0,0.35
60,2016-03-15,2,3,Dni robocze,20,0.0,0.5,19,1.0,0.5,0.5,2.0,6.0,0.35
61,2016-03-16,2,3,Dni robocze,20,0.0,0.5,10,1.0,0.5,1.0,4.0,4.0,0.35
62,2016-03-17,2,3,Dni robocze,20,0.0,0.5,13,1.0,0.5,1.0,4.0,4.0,0.35
63,2016-03-18,2,3,Dni robocze,20,0.0,0.5,19,1.0,0.5,0.5,2.0,6.0,0.35
64,2016-03-19,2,3,Dni robocze,20,0.0,0.5,17,1.0,0.5,0.5,2.0,6.0,0.35
65,2016-03-22,2,3,Dni robocze,20,0.0,0.5,19,1.0,0.5,0.5,2.0,6.0,0.35
66,2016-03-24,2,3,Dni robocze,20,0.0,0.5,9,1.0,0.5,1.0,4.0,4.0,0.35
67,2016-03-25,2,3,Dni robocze,20,0.0,0.5,13,1.0,0.5,1.0,4.0,4.0,0.35
68,2016-03-26,2,3,Dni robocze,20,0.0,0.5,15,1.0,0.5,1.0,4.0,4.0,0.35
69,2016-03-29,2,3,Dni robocze,20,0.0,0.5,18,1.0,0.5,0.5,2.0,6.0,0.35
70,2016-03-30,2,3,Dni robocze,20,0.0,0.5,16,1.0,0.5,0.5,2.0,6.0,0.35
71,2016-03-31,2,3,Dni robocze,20,0.0,0.5,10,1.0,0.5,1.0,4.0,4.0,0.35
72,2016-03-06,2,3,Dni wolne od pracy,20,0.0,0.5,17,1.0,0.5,0.5,2.0,6.0,0.35
73,2016-03-13,2,3,Dni wolne od pracy,20,0.0,0.5,8,1.0,0.5,1.0,4.0,4.0,0.35
74,2016-03-20,2,3,Dni wolne od pracy,20,0.0,0.5,12,1.0,0.5,1.0,4.0,4.0,0.35
75,2016-03-27,2,3,Dni wolne od pracy,20,0.0,0.5,11,1.0,0.5,1.0,4.0,4.0,0.35
76,2016-03-01,3,3,Dni robocze,20,0.0,0.5,13,1.0,0.5,1.0,4.0,4.0,0.35
77,2016-03-02,3,3,Dni robocze,20,0.0,0.5,15,1.0,0.5,1.0,4.0,4.0,0.35
78,2016-03-03,3,3,Dni robocze,20,0.0,0.5,15,1.0,0.5,1.0,4.0,4.0,0.35
79,2016-03-04,3,3,Dni robocze,20,0.0,0.5,15,1.0,0.5,1.0,4.0,4.0,0.35
80,2016-03-05,3,3,Dni robocze,20,0.0,0.5,13,1.0,0.5,1.0,4.0,4.0,0.35
81,2016-03-08,3,3,Dni robocze,20,0.0,0.5,12,1.0,0.5,1.0,4.0,4.0,0.35
82,2016-03-09,3,3,Dni robocze,20,0.0,0.5,9,1.0,0.5,1.0,4.0,4.0,0.35
83,2016-03-10,3,3,Dni robocze,20,0.0,0.5,10,1.0,0.5,1.0,4.0,4.0,0.35
84,2016-03-11,3,3,Dni robocze,20,0.0,0.5,13,1.0,0.5,1.0,4.0,4.0,0.35
85,2016-03-12,3,3,Dni robocze,20,0.0,0.5,16,1.0,0.5,0.5,2.0,6.0,0.35
86,2016-03-15,3,3,Dni robocze,20,0.0,0.5,17,1.0,0.5,0.5,2.0,6.0,0.35
87,2016-03-16,3,3,Dni robocze,20,0.0,0.5,9,1.0,0.5,1.0,4.0,4.0,0.35
88,2016-03-17,3,3,Dni robocze,20,0.0,0.5,12,1.0,0.5,1.0,4.0,4.0,0.35
89,2016-03-18,3,3,Dni robocze,20,0.0,0.5,12,1.0,0.5,1.0,4.0,4.0,0.35
90,2016-03-19,3,3,Dni robocze,20,0.0,0.5,10,1.0,0.5,1.0,4.0,4.0,0.35
91,2016-03-22,3,3,Dni robocze,20,0.0,0.5,17,1.0,0.5,0.5,2.0,6.0,0.35
92,2016-03-23,3,3,Dni robocze,20,0.0,0.5,19,1.0,0.5,0.5,2.0,6.0,0.35
93,2016-03-24,3,3,Dni robocze,20,0.0,0.5,9,1.0,0.5,1.0,4.0,4.0,0.35
94,2016-03-25,3,3,Dni robocze,20,0.0,0.5,10,1.0,0.5,1.0,4.0,4.0,0.35
95,2016-03-26,3,3,Dni robocze,20,0.0,0.5,13,1.0,0.5,1.0,4.0,4.0,0.35
96,2016-03-29,3,3,Dni robocze,20,0.0,0.5,16,1.0,0.5,0.5,2.0,6.0,0.35
97,2016-03-30,3,3,Dni robocze,20,0.0,0.5,11,1.0,0.5,1.0,4.0,4.0,0.35
98,2016-03-31,3,3,Dni robocze,20,0.0,0.5,8,1.0,0.5,1.0,4.0,4.0,0.35
99,2016-03-06,3,3,Dni wolne od pracy,20,0.0,0.5,14,1.0,0.5,1.0,4.0,4.0,0.35
100,2016-03-13,3,3,Dni wolne od pracy,20,0.0,0.5,7,1.0,0.5,1.0,4.0,4.0,0.35
101,2016-03-20,3,3,Dni wolne od pracy,20,0.0,0.5,10,1.0,0.5,1.0,4.0,4.0,0.35
102,2016-03-27,3,3,Dni wolne od pracy,20,0.0,0.5,10,1.0,0.5,1.0,4.0,4.0,0.35
103,2016-03-01,4,3,Dni robocze,20,0.0,0.5,12,1.0,0.5,1.0,4.0,4.0,0.35
104,2016-03-02,4,3,Dni robocze,20,0.0,0.5,12,1.0,0.5,1.0,4.0,4.0,0.35
105,2016-03-03,4,3,Dni robocze,20,0.0,0.5,14,1.0,0.5,1.0,4.0,4.0,0.35
106,2016-03-04,4,3,Dni robocze,20,0.0,0.5,11,1.0,0.5,1.0,4.0,4.0,0.35
107,2016-03-05,4,3,Dni robocze,20,0.0,0.5,12,1.0,0.5,1.0,4.0,4.0,0.35
108,2016-03-08,4,3,Dni robocze,20,0.0,0.5,11,1.0,0.5,1.0,4.0,4.0,0.35
109,2016-03-09,4,3,Dni robocze,20,0.0,0.5,6,1.0,0.5,1.0,4.0,4.0,0.35
110,2016-03-10,4,3,Dni robocze,20,0.0,0.5,8,1.0,0.5,1.0,4.0,4.0,0.35
111,2016-03-11,4,3,Dni robocze,20,0.0,0.5,9,1.0,0.5,1.0,4.0,4.0,0.35
112,2016-03-12,4,3,Dni robocze,20,0.0,0.5,12,1.0,0.5,1.0,4.0,4.0,0.35
113,2016-03-15,4,3,Dni robocze,20,0.0,0.5,16,1.0,0.5,0.5,2.0,6.0,0.35
114,2016-03-16,4,3,Dni robocze,20,0.0,0.5,8,1.0,0.5,1.0,4.0,4.0,0.35
115,2016-03-17,4,3,Dni robocze,20,0.0,0.5,10,1.0,0.5,1.0,4.0,4.0,0.35
116,2016-03-18,4,3,Dni robocze,20,0.0,0.5,10,1.0,0.5,1.0,4.0,4.0,0.35
117,2016-03-19,4,3,Dni robocze,20,0.0,0.5,11,1.0,0.5,1.0,4.0,4.0,0.35
118,2016-03-22,4,3,Dni robocze,20,0.0,0.5,15,1.0,0.5,1.0,4.0,4.0,0.35
119,2016-03-23,4,3,Dni robocze,20,0.0,0.5,17,1.0,0.5,0.5,2.0,6.0,0.35
120,2016-03-24,4,3,Dni robocze,20,0.0,0.5,8,1.0,0.5,1.0,4.0,4.0,0.35
121,2016-03-25,4,3,Dni robocze,20,0.0,0.5,9,1.0,0.5,1.0,4.0,4.0,0.35
122,2016-03-26,4,3,Dni robocze,20,0.0,0.5,10,1.0,0.5,1.0,4.0,4.0,0.35
123,2016-03-29,4,3,Dni robocze,20,0.0,0.5,14,1.0,0.5,1.0,4.0,4.0,0.35
124,2016-03-30,4,3,Dni robocze,20,0.0,0.5,9,1.0,0.5,1.0,4.0,4.0,0.35
125,2016-03-31,4,3,Dni robocze,20,0.0,0.5,6,1.0,0.5,1.0,4.0,4.0,0.35
126,2016-03-06,4,3,Dni wolne od pracy,20,0.0,0.5,13,1.0,0.5,1.0,4.0,4.0,0.35
127,2016-03-13,4,3,Dni wolne od pracy,20,0.0,0.5,6,1.0,0.5,1.0,4.0,4.0,0.35
128,2016-03-20,4,3,Dni wolne od pracy,20,0.0,0.5,5,1.0,0.5,2.0,5.0,3.0,0.35
129,2016-03-27,4,3,Dni wolne od pracy,20,0.0,0.5,8,1.0,0.5,1.0,4.0,4.0,0.35
130,2016-03-01,5,3,Dni robocze,23,0.0,3.0,8,1.0,0.5,1.0,4.0,4.0,2.0999999999999996
131,2016-03-02,5,3,Dni robocze,23,0.0,3.0,9,1.0,0.5,1.0,4.0,4.0,2.0999999999999996
132,2016-03-03,5,3,Dni robocze,23,0.0,3.0,13,1.0,0.5,1.0,4.0,4.0,2.0999999999999996
133,2016-03-04,5,3,Dni robocze,23,0.0,3.0,10,1.0,0.5,1.0,4.0,4.0,2.0999999999999996
134,2016-03-05,5,3,Dni robocze,23,0.0,3.0,9,1.0,0.5,1.0,4.0,4.0,2.0999999999999996
135,2016-03-08,5,3,Dni robocze,23,0.0,3.0,10,1.0,0.5,1.0,4.0,4.0,2.0999999999999996
136,2016-03-09,5,3,Dni robocze,23,0.0,3.0,3,1.0,0.5,2.0,5.0,3.0,2.0999999999999996
137,2016-03-10,5,3,Dni robocze,23,0.0,3.0,7,1.0,0.5,1.0,4.0,4.0,2.0999999999999996
138,2016-03-11,5,3,Dni robocze,23,0.0,3.0,8,1.0,0.5,1.0,4.0,4.0,2.0999999999999996
139,2016-03-12,5,3,Dni robocze,23,0.0,3.0,12,1.0,0.5,1.0,4.0,4.0,2.0999999999999996
140,2016-03-15,5,3,Dni robocze,23,0.0,3.0,12,1.0,0.5,1.0,4.0,4.0,2.0999999999999996
141,2016-03-16,5,3,Dni robocze,23,0.0,3.0,5,1.0,0.5,2.0,5.0,3.0,2.0999999999999996
142,2016-03-17,5,3,Dni robocze,23,0.0,3.0,9,1.0,0.5,1.0,4.0,4.0,2.0999999999999996
143,2016-03-18,5,3,Dni robocze,23,0.0,3.0,11,1.0,0.5,1.0,4.0,4.0,2.0999999999999996
144,2016-03-19,5,3,Dni robocze,23,0.0,3.0,7,1.0,0.5,1.0,4.0,4.0,2.0999999999999996
145,2016-03-22,5,3,Dni robocze,23,0.0,3.0,15,1.0,0.5,1.0,4.0,4.0,2.0999999999999996
146,2016-03-23,5,3,Dni robocze,23,0.0,3.0,13,1.0,0.5,1.0,4.0,4.0,2.0999999999999996
147,2016-03-24,5,3,Dni robocze,23,0.0,3.0,7,1.0,0.5,1.0,4.0,4.0,2.0999999999999996
148,2016-03-25,5,3,Dni robocze,23,0.0,3.0,8,1.0,0.5,1.0,4.0,4.0,2.0999999999999996
149,2016-03-26,5,3,Dni robocze,23,0.0,3.0,6,1.0,0.5,1.0,4.0,4.0,2.0999999999999996
150,2016-03-29,5,3,Dni robocze,23,0.0,3.0,11,1.0,0.5,1.0,4.0,4.0,2.0999999999999996
151,2016-03-30,5,3,Dni robocze,23,0.0,3.0,8,1.0,0.5,1.0,4.0,4.0,2.0999999999999996
152,2016-03-31,5,3,Dni robocze,23,0.0,3.0,5,1.0,0.5,2.0,5.0,3.0,2.0999999999999996
153,2016-03-06,5,3,Dni wolne od pracy,20,0.0,0.5,13,1.0,0.5,1.0,4.0,4.0,0.35
154,2016-03-13,5,3,Dni wolne od pracy,20,0.0,0.5,4,1.0,0.5,2.0,5.0,3.0,0.35
155,2016-03-20,5,3,Dni wolne od pracy,20,0.0,0.5,4,1.0,0.5,2.0,5.0,3.0,0.35
156,2016-03-27,5,3,Dni wolne od pracy,20,0.0,0.5,5,1.0,0.5,2.0,5.0,3.0,0.35
157,2016-03-01,6,3,Dni robocze,23,0.0,3.0,9,2.0,2.5,1.0,4.0,4.0,2.0999999999999996
158,2016-03-02,6,3,Dni robocze,23,0.0,3.0,9,2.0,2.5,1.0,4.0,4.0,2.0999999999999996
159,2016-03-03,6,3,Dni robocze,23,0.0,3.0,12,2.0,2.5,1.0,4.0,4.0,2.0999999999999996
160,2016-03-04,6,3,Dni robocze,23,0.0,3.0,8,2.0,2.5,1.0,4.0,4.0,2.0999999999999996
161,2016-03-05,6,3,Dni robocze,23,0.0,3.0,9,2.0,2.5,1.0,4.0,4.0,2.0999999999999996
162,2016-03-08,6,3,Dni robocze,23,0.0,3.0,7,2.0,2.5,1.0,4.0,4.0,2.0999999999999996
163,2016-03-09,6,3,Dni robocze,23,0.0,3.0,4,2.0,2.5,2.0,5.0,3.0,2.0999999999999996
164,2016-03-10,6,3,Dni robocze,23,0.0,3.0,7,2.0,2.5,1.0,4.0,4.0,2.0999999999999996
165,2016-03-11,6,3,Dni robocze,23,0.0,3.0,8,2.0,2.5,1.0,4.0,4.0,2.0999999999999996
166,2016-03-12,6,3,Dni robocze,23,0.0,3.0,12,2.0,2.5,1.0,4.0,4.0,2.0999999999999996
167,2016-03-15,6,3,Dni robocze,23,0.0,3.0,11,2.0,2.5,1.0,4.0,4.0,2.0999999999999996
168,2016-03-16,6,3,Dni robocze,23,0.0,3.0,3,2.0,2.5,2.0,5.0,3.0,2.0999999999999996
169,2016-03-17,6,3,Dni robocze,23,0.0,3.0,7,2.0,2.5,1.0,4.0,4.0,2.0999999999999996
170,2016-03-18,6,3,Dni robocze,23,0.0,3.0,11,2.0,2.5,1.0,4.0,4.0,2.0999999999999996
171,2016-03-19,6,3,Dni robocze,23,0.0,3.0,6,2.0,2.5,1.0,4.0,4.0,2.0999999999999996
172,2016-03-22,6,3,Dni robocze,23,0.0,3.0,15,2.0,2.5,1.0,4.0,4.0,2.0999999999999996
173,2016-03-23,6,3,Dni robocze,23,0.0,3.0,10,2.0,2.5,1.0,4.0,4.0,2.0999999999999996
174,2016-03-24,6,3,Dni robocze,23,0.0,3.0,6,2.0,2.5,1.0,4.0,4.0,2.0999999999999996
175,2016-03-25,6,3,Dni robocze,23,0.0,3.0,8,2.0,2.5,1.0,4.0,4.0,2.0999999999999996
176,2016-03-26,6,3,Dni robocze,23,0.0,3.0,6,2.0,2.5,1.0,4.0,4.0,2.0999999999999996
177,2016-03-29,6,3,Dni robocze,23,0.0,3.0,10,2.0,2.5,1.0,4.0,4.0,2.0999999999999996
178,2016-03-30,6,3,Dni robocze,23,0.0,3.0,7,2.0,2.5,1.0,4.0,4.0,2.0999999999999996
179,2016-03-31,6,3,Dni robocze,23,0.0,3.0,4,2.0,2.5,2.0,5.0,3.0,2.0999999999999996
180,2016-03-06,6,3,Dni wolne od pracy,20,0.0,0.5,13,1.0,0.5,1.0,4.0,4.0,0.35
181,2016-03-13,6,3,Dni wolne od pracy,20,0.0,0.5,1,1.0,0.5,2.0,5.0,3.0,0.35
182,2016-03-20,6,3,Dni wolne od pracy,20,0.0,0.5,4,1.0,0.5,2.0,5.0,3.0,0.35
183,2016-03-27,6,3,Dni wolne od pracy,20,0.0,0.5,4,1.0,0.5,2.0,5.0,3.0,0.35
184,2016-03-01,7,3,Dni robocze,23,2.0,3.0,7,2.0,2.5,1.0,4.0,4.0,2.0999999999999996
185,2016-03-02,7,3,Dni robocze,23,2.0,3.0,10,2.0,2.5,1.0,4.0,4.0,2.0999999999999996
186,2016-03-03,7,3,Dni robocze,23,2.0,3.0,10,2.0,2.5,1.0,4.0,4.0,2.0999999999999996
187,2016-03-04,7,3,Dni robocze,23,2.0,3.0,5,2.0,2.5,2.0,5.0,3.0,2.0999999999999996
188,2016-03-05,7,3,Dni robocze,23,2.0,3.0,10,2.0,2.5,1.0,4.0,4.0,2.0999999999999996
189,2016-03-08,7,3,Dni robocze,23,0.5,3.0,7,2.0,2.5,1.0,4.0,4.0,2.0999999999999996
190,2016-03-09,7,3,Dni robocze,23,2.0,3.0,4,2.0,2.5,2.0,5.0,3.0,2.0999999999999996
191,2016-03-10,7,3,Dni robocze,23,2.0,3.0,7,2.0,2.5,1.0,4.0,4.0,2.0999999999999996
192,2016-03-11,7,3,Dni robocze,23,2.0,3.0,5,2.0,2.5,2.0,5.0,3.0,2.0999999999999996
193,2016-03-12,7,3,Dni robocze,23,2.0,3.0,12,2.0,2.5,1.0,4.0,4.0,2.0999999999999996
194,2016-03-15,7,3,Dni robocze,23,2.0,3.0,11,2.0,2.5,1.0,4.0,4.0,2.0999999999999996
195,2016-03-16,7,3,Dni robocze,23,2.0,3.0,2,2.0,2.5,2.0,5.0,3.0,2.0999999999999996
196,2016-03-17,7,3,Dni robocze,23,2.0,3.0,6,2.0,2.5,1.0,4.0,4.0,2.0999999999999996
197,2016-03-18,7,3,Dni robocze,23,2.0,3.0,10,2.0,2.5,1.0,4.0,4.0,2.0999999999999996
198,2016-03-19,7,3,Dni robocze,23,2.0,3.0,3,2.0,2.5,2.0,5.0,3.0,2.0999999999999996
199,2016-03-22,7,3,Dni robocze,23,2.0,3.0,12,2.0,2.5,1.0,4.0,4.0,2.0999999999999996
200,2016-03-23,7,3,Dni robocze,23,2.0,3.0,6,2.0,2.5,1.0,4.0,4.0,2.0999999999999996
201,2016-03-24,7,3,Dni robocze,23,2.0,3.0,5,2.0,2.5,2.0,5.0,3.0,2.0999999999999996
202,2016-03-25,7,3,Dni robocze,23,2.0,3.0,6,2.0,2.5,1.0,4.0,4.0,2.0999999999999996
203,2016-03-26,7,3,Dni robocze,23,2.0,3.0,4,2.0,2.5,2.0,5.0,3.0,2.0999999999999996
204,2016-03-29,7,3,Dni robocze,23,2.0,3.0,10,2.0,2.5,1.0,4.0,4.0,2.0999999999999996
205,2016-03-30,7,3,Dni robocze,23,0.5,3.0,7,2.0,2.5,1.0,4.0,4.0,2.0999999999999996
206,2016-03-31,7,3,Dni robocze,23,2.0,3.0,2,2.0,2.5,2.0,5.0,3.0,2.0999999999999996
207,2016-03-06,7,3,Dni wolne od pracy,20,2.0,0.5,13,1.0,0.5,1.0,4.0,4.0,0.35
208,2016-03-13,7,3,Dni wolne od pracy,20,2.0,0.5,1,1.0,0.5,2.0,5.0,3.0,0.35
209,2016-03-20,7,3,Dni wolne od pracy,20,2.0,0.5,2,1.0,0.5,2.0,5.0,3.0,0.35
210,2016-03-27,7,3,Dni wolne od pracy,20,2.0,0.5,4,1.0,0.5,2.0,5.0,3.0,0.35
211,2016-03-01,8,3,Dni robocze,23,2.0,2.0,5,2.0,2.5,2.0,5.0,3.0,1.4
212,2016-03-02,8,3,Dni robocze,23,2.0,2.0,10,2.0,2.5,1.0,4.0,4.0,1.4
213,2016-03-03,8,3,Dni robocze,23,2.0,2.0,8,2.0,2.5,1.0,4.0,4.0,1.4
214,2016-03-04,8,3,Dni robocze,23,2.0,2.0,5,2.0,2.5,2.0,5.0,3.0,1.4
215,2016-03-05,8,3,Dni robocze,23,2.0,2.0,7,2.0,2.5,1.0,4.0,4.0,1.4
216,2016-03-08,8,3,Dni robocze,23,2.0,2.0,5,2.0,2.5,2.0,5.0,3.0,1.4
217,2016-03-09,8,3,Dni robocze,23,2.0,2.0,3,2.0,2.5,2.0,5.0,3.0,1.4
218,2016-03-10,8,3,Dni robocze,23,2.0,2.0,7,2.0,2.5,1.0,4.0,4.0,1.4
219,2016-03-11,8,3,Dni robocze,23,2.0,2.0,4,2.0,2.5,2.0,5.0,3.0,1.4
220,2016-03-12,8,3,Dni robocze,23,2.0,2.0,10,2.0,2.5,1.0,4.0,4.0,1.4
221,2016-03-15,8,3,Dni robocze,23,2.0,2.0,12,2.0,2.5,1.0,4.0,4.0,1.4
222,2016-03-16,8,3,Dni robocze,23,2.0,2.0,2,2.0,2.5,2.0,5.0,3.0,1.4
223,2016-03-17,8,3,Dni robocze,23,2.0,2.0,5,2.0,2.5,2.0,5.0,3.0,1.4
224,2016-03-18,8,3,Dni robocze,23,2.0,2.0,7,2.0,2.5,1.0,4.0,4.0,1.4
225,2016-03-19,8,3,Dni robocze,23,2.0,2.0,2,2.0,2.5,2.0,5.0,3.0,1.4
226,2016-03-22,8,3,Dni robocze,23,2.0,2.0,9,2.0,2.5,1.0,4.0,4.0,1.4
227,2016-03-23,8,3,Dni robocze,23,2.0,2.0,7,2.0,2.5,1.0,4.0,4.0,1.4
228,2016-03-24,8,3,Dni robocze,23,2.0,2.0,3,2.0,2.5,2.0,5.0,3.0,1.4
229,2016-03-25,8,3,Dni robocze,23,2.0,2.0,3,2.0,2.5,2.0,5.0,3.0,1.4
230,2016-03-26,8,3,Dni robocze,23,2.0,2.0,2,2.0,2.5,2.0,5.0,3.0,1.4
231,2016-03-29,8,3,Dni robocze,23,2.0,2.0,9,2.0,2.5,1.0,4.0,4.0,1.4
232,2016-03-30,8,3,Dni robocze,23,0.5,2.0,7,2.0,2.5,1.0,4.0,4.0,1.4
233,2016-03-31,8,3,Dni robocze,23,2.0,2.0,2,2.0,2.5,2.0,5.0,3.0,1.4
234,2016-03-06,8,3,Dni wolne od pracy,23,2.0,3.0,13,1.0,0.5,1.0,4.0,4.0,2.0999999999999996
235,2016-03-13,8,3,Dni wolne od pracy,23,2.0,3.0,1,1.0,0.5,2.0,5.0,3.0,2.0999999999999996
236,2016-03-20,8,3,Dni wolne od pracy,23,2.0,3.0,1,1.0,0.5,2.0,5.0,3.0,2.0999999999999996
237,2016-03-27,8,3,Dni wolne od pracy,23,2.0,3.0,2,1.0,0.5,2.0,5.0,3.0,2.0999999999999996
238,2016-03-01,9,3,Dni robocze,23,4.0,2.0,5,2.0,2.5,2.0,5.0,3.0,1.4
239,2016-03-02,9,3,Dni robocze,23,4.0,2.0,7,2.0,2.5,1.0,4.0,4.0,1.4
240,2016-03-03,9,3,Dni robocze,23,4.0,2.0,7,2.0,2.5,1.0,4.0,4.0,1.4
241,2016-03-04,9,3,Dni robocze,23,4.0,2.0,5,2.0,2.5,2.0,5.0,3.0,1.4
242,2016-03-05,9,3,Dni robocze,23,4.0,2.0,11,2.0,2.5,1.0,4.0,4.0,1.4
243,2016-03-08,9,3,Dni robocze,23,4.0,2.0,4,2.0,2.5,2.0,5.0,3.0,1.4
244,2016-03-09,9,3,Dni robocze,23,4.0,2.0,2,2.0,2.5,2.0,5.0,3.0,1.4
245,2016-03-10,9,3,Dni robocze,23,4.0,2.0,7,2.0,2.5,1.0,4.0,4.0,1.4
246,2016-03-11,9,3,Dni robocze,23,4.0,2.0,5,2.0,2.5,2.0,5.0,3.0,1.4
247,2016-03-12,9,3,Dni robocze,23,4.0,2.0,11,2.0,2.5,1.0,4.0,4.0,1.4
248,2016-03-15,9,3,Dni robocze,23,4.0,2.0,10,2.0,2.5,1.0,4.0,4.0,1.4
249,2016-03-16,9,3,Dni robocze,23,4.0,2.0,1,2.0,2.5,2.0,5.0,3.0,1.4
250,2016-03-17,9,3,Dni robocze,23,4.0,2.0,5,2.0,2.5,2.0,5.0,3.0,1.4
251,2016-03-18,9,3,Dni robocze,23,4.0,2.0,6,2.0,2.5,1.0,4.0,4.0,1.4
252,2016-03-19,9,3,Dni robocze,23,4.0,2.0,2,2.0,2.5,2.0,5.0,3.0,1.4
253,2016-03-22,9,3,Dni robocze,23,4.0,2.0,12,2.0,2.5,1.0,4.0,4.0,1.4
254,2016-03-23,9,3,Dni robocze,23,4.0,2.0,4,2.0,2.5,2.0,5.0,3.0,1.4
255,2016-03-24,9,3,Dni robocze,23,4.0,2.0,3,2.0,2.5,2.0,5.0,3.0,1.4
256,2016-03-25,9,3,Dni robocze,23,4.0,2.0,5,2.0,2.5,2.0,5.0,3.0,1.4
257,2016-03-26,9,3,Dni robocze,23,4.0,2.0,3,2.0,2.5,2.0,5.0,3.0,1.4
258,2016-03-29,9,3,Dni robocze,23,4.0,2.0,10,2.0,2.5,1.0,4.0,4.0,1.4
259,2016-03-30,9,3,Dni robocze,23,1.5,2.0,6,2.0,2.5,1.0,4.0,4.0,1.4
260,2016-03-31,9,3,Dni robocze,23,4.0,2.0,2,2.0,2.5,2.0,5.0,3.0,1.4
261,2016-03-06,9,3,Dni wolne od pracy,23,1.5,3.0,12,1.0,0.5,1.0,4.0,4.0,2.0999999999999996
262,2016-03-13,9,3,Dni wolne od pracy,23,4.0,3.0,-1,1.0,0.5,3.0,6.0,2.0,2.0999999999999996
263,2016-03-20,9,3,Dni wolne od pracy,23,4.0,3.0,1,1.0,0.5,2.0,5.0,3.0,2.0999999999999996
264,2016-03-27,9,3,Dni wolne od pracy,23,4.0,3.0,2,1.0,0.5,2.0,5.0,3.0,2.0999999999999996
265,2016-03-01,10,3,Dni robocze,23,4.0,1.0,4,2.0,2.5,2.0,5.0,3.0,0.7
266,2016-03-02,10,3,Dni robocze,23,4.0,1.0,6,2.0,2.5,1.0,4.0,4.0,0.7
267,2016-03-03,10,3,Dni robocze,23,4.0,1.0,7,2.0,2.5,1.0,4.0,4.0,0.7
268,2016-03-04,10,3,Dni robocze,23,4.0,1.0,5,2.0,2.5,2.0,5.0,3.0,0.7
269,2016-03-05,10,3,Dni robocze,23,4.0,1.0,11,2.0,2.5,1.0,4.0,4.0,0.7
270,2016-03-08,10,3,Dni robocze,23,4.0,1.0,3,2.0,2.5,2.0,5.0,3.0,0.7
271,2016-03-09,10,3,Dni robocze,23,4.0,1.0,1,2.0,2.5,2.0,5.0,3.0,0.7
272,2016-03-10,10,3,Dni robocze,23,4.0,1.0,6,2.0,2.5,1.0,4.0,4.0,0.7
273,2016-03-11,10,3,Dni robocze,23,4.0,1.0,5,2.0,2.5,2.0,5.0,3.0,0.7
274,2016-03-12,10,3,Dni robocze,23,4.0,1.0,9,2.0,2.5,1.0,4.0,4.0,0.7
275,2016-03-15,10,3,Dni robocze,23,4.0,1.0,9,2.0,2.5,1.0,4.0,4.0,0.7
276,2016-03-16,10,3,Dni robocze,23,4.0,1.0,2,2.0,2.5,2.0,5.0,3.0,0.7
277,2016-03-17,10,3,Dni robocze,23,4.0,1.0,6,2.0,2.5,1.0,4.0,4.0,0.7
278,2016-03-18,10,3,Dni robocze,23,4.0,1.0,3,2.0,2.5,2.0,5.0,3.0,0.7
279,2016-03-19,10,3,Dni robocze,23,4.0,1.0,0,2.0,2.5,3.0,6.0,2.0,0.7
280,2016-03-22,10,3,Dni robocze,23,4.0,1.0,11,2.0,2.5,1.0,4.0,4.0,0.7
281,2016-03-23,10,3,Dni robocze,23,1.5,1.0,4,2.0,2.5,2.0,5.0,3.0,0.7
282,2016-03-24,10,3,Dni robocze,23,4.0,1.0,2,2.0,2.5,2.0,5.0,3.0,0.7
283,2016-03-25,10,3,Dni robocze,23,4.0,1.0,3,2.0,2.5,2.0,5.0,3.0,0.7
284,2016-03-26,10,3,Dni robocze,23,4.0,1.0,3,2.0,2.5,2.0,5.0,3.0,0.7
285,2016-03-29,10,3,Dni robocze,23,4.0,1.0,11,2.0,2.5,1.0,4.0,4.0,0.7
286,2016-03-30,10,3,Dni robocze,23,1.5,1.0,6,2.0,2.5,1.0,4.0,4.0,0.7
287,2016-03-31,10,3,Dni robocze,23,4.0,1.0,1,2.0,2.5,2.0,5.0,3.0,0.7
288,2016-03-06,10,3,Dni wolne od pracy,23,3.0,3.0,13,1.0,0.5,1.0,4.0,4.0,2.0999999999999996
289,2016-03-13,10,3,Dni wolne od pracy,23,4.0,3.0,0,1.0,0.5,3.0,6.0,2.0,2.0999999999999996
290,2016-03-20,10,3,Dni wolne od pracy,23,4.0,3.0,1,1.0,0.5,2.0,5.0,3.0,2.0999999999999996
291,2016-03-27,10,3,Dni wolne od pracy,23,4.0,3.0,1,1.0,0.5,2.0,5.0,3.0,2.0999999999999996
292,2016-03-01,11,3,Dni robocze,23,4.0,1.0,3,2.0,2.5,2.0,5.0,3.0,0.7
293,2016-03-02,11,3,Dni robocze,23,4.0,1.0,4,2.0,2.5,2.0,5.0,3.0,0.7
294,2016-03-03,11,3,Dni robocze,23,4.0,1.0,7,2.0,2.5,1.0,4.0,4.0,0.7
295,2016-03-04,11,3,Dni robocze,23,4.0,1.0,6,2.0,2.5,1.0,4.0,4.0,0.7
296,2016-03-05,11,3,Dni robocze,23,4.0,1.0,9,2.0,2.5,1.0,4.0,4.0,0.7
297,2016-03-09,11,3,Dni robocze,23,4.0,1.0,0,2.0,2.5,3.0,6.0,2.0,0.7
298,2016-03-10,11,3,Dni robocze,23,4.0,1.0,3,2.0,2.5,2.0,5.0,3.0,0.7
299,2016-03-11,11,3,Dni robocze,23,4.0,1.0,5,2.0,2.5,2.0,5.0,3.0,0.7
300,2016-03-12,11,3,Dni robocze,23,4.0,1.0,8,2.0,2.5,1.0,4.0,4.0,0.7
301,2016-03-15,11,3,Dni robocze,23,4.0,1.0,8,2.0,2.5,1.0,4.0,4.0,0.7
302,2016-03-16,11,3,Dni robocze,23,4.0,1.0,2,2.0,2.5,2.0,5.0,3.0,0.7
303,2016-03-17,11,3,Dni robocze,23,4.0,1.0,2,2.0,2.5,2.0,5.0,3.0,0.7
304,2016-03-18,11,3,Dni robocze,23,4.0,1.0,3,2.0,2.5,2.0,5.0,3.0,0.7
305,2016-03-19,11,3,Dni robocze,23,4.0,1.0,0,2.0,2.5,3.0,6.0,2.0,0.7
306,2016-03-22,11,3,Dni robocze,23,4.0,1.0,10,2.0,2.5,1.0,4.0,4.0,0.7
307,2016-03-23,11,3,Dni robocze,23,3.0,1.0,4,2.0,2.5,2.0,5.0,3.0,0.7
308,2016-03-24,11,3,Dni robocze,23,4.0,1.0,0,2.0,2.5,3.0,6.0,2.0,0.7
309,2016-03-25,11,3,Dni robocze,23,4.0,1.0,2,2.0,2.5,2.0,5.0,3.0,0.7
310,2016-03-26,11,3,Dni robocze,23,4.0,1.0,2,2.0,2.5,2.0,5.0,3.0,0.7
311,2016-03-29,11,3,Dni robocze,23,4.0,1.0,10,2.0,2.5,1.0,4.0,4.0,0.7
312,2016-03-30,11,3,Dni robocze,23,1.5,1.0,5,2.0,2.5,2.0,5.0,3.0,0.7
313,2016-03-31,11,3,Dni robocze,23,4.0,1.0,-1,2.0,2.5,3.0,6.0,2.0,0.7
314,2016-03-06,11,3,Dni wolne od pracy,23,3.0,3.0,12,1.0,0.5,1.0,4.0,4.0,2.0999999999999996
315,2016-03-13,11,3,Dni wolne od pracy,23,4.0,3.0,2,1.0,0.5,2.0,5.0,3.0,2.0999999999999996
316,2016-03-20,11,3,Dni wolne od pracy,23,4.0,3.0,0,1.0,0.5,3.0,6.0,2.0,2.0999999999999996
317,2016-03-27,11,3,Dni wolne od pracy,23,4.0,3.0,-2,1.0,0.5,3.0,6.0,2.0,2.0999999999999996
318,2016-03-01,12,3,Dni robocze,23,4.0,1.0,3,2.0,2.5,2.0,5.0,3.0,0.7
319,2016-03-02,12,3,Dni robocze,23,4.0,1.0,4,2.0,2.5,2.0,5.0,3.0,0.7
320,2016-03-03,12,3,Dni robocze,23,4.0,1.0,7,2.0,2.5,1.0,4.0,4.0,0.7
321,2016-03-04,12,3,Dni robocze,23,4.0,1.0,5,2.0,2.5,2.0,5.0,3.0,0.7
322,2016-03-05,12,3,Dni robocze,23,3.0,1.0,9,2.0,2.5,1.0,4.0,4.0,0.7
323,2016-03-08,12,3,Dni robocze,23,1.5,1.0,3,2.0,2.5,2.0,5.0,3.0,0.7
324,2016-03-09,12,3,Dni robocze,23,4.0,1.0,1,2.0,2.5,2.0,5.0,3.0,0.7
325,2016-03-10,12,3,Dni robocze,23,4.0,1.0,4,2.0,2.5,2.0,5.0,3.0,0.7
326,2016-03-11,12,3,Dni robocze,23,4.0,1.0,4,2.0,2.5,2.0,5.0,3.0,0.7
327,2016-03-12,12,3,Dni robocze,23,4.0,1.0,7,2.0,2.5,1.0,4.0,4.0,0.7
328,2016-03-15,12,3,Dni robocze,23,4.0,1.0,6,2.0,2.5,1.0,4.0,4.0,0.7
329,2016-03-16,12,3,Dni robocze,23,4.0,1.0,2,2.0,2.5,2.0,5.0,3.0,0.7
330,2016-03-17,12,3,Dni robocze,23,4.0,1.0,3,2.0,2.5,2.0,5.0,3.0,0.7
331,2016-03-18,12,3,Dni robocze,23,4.0,1.0,5,2.0,2.5,2.0,5.0,3.0,0.7
332,2016-03-19,12,3,Dni robocze,23,4.0,1.0,0,2.0,2.5,3.0,6.0,2.0,0.7
333,2016-03-22,12,3,Dni robocze,23,3.0,1.0,9,2.0,2.5,1.0,4.0,4.0,0.7
334,2016-03-23,12,3,Dni robocze,23,4.0,1.0,3,2.0,2.5,2.0,5.0,3.0,0.7
335,2016-03-24,12,3,Dni robocze,23,4.0,1.0,1,2.0,2.5,2.0,5.0,3.0,0.7
336,2016-03-25,12,3,Dni robocze,23,4.0,1.0,-1,2.0,2.5,3.0,6.0,2.0,0.7
337,2016-03-26,12,3,Dni robocze,23,4.0,1.0,1,2.0,2.5,2.0,5.0,3.0,0.7
338,2016-03-29,12,3,Dni robocze,23,1.5,1.0,9,2.0,2.5,1.0,4.0,4.0,0.7
339,2016-03-30,12,3,Dni robocze,23,1.5,1.0,5,2.0,2.5,2.0,5.0,3.0,0.7
340,2016-03-31,12,3,Dni robocze,23,4.0,1.0,-2,2.0,2.5,3.0,6.0,2.0,0.7
341,2016-03-06,12,3,Dni wolne od pracy,23,3.0,1.0,12,1.0,0.5,1.0,4.0,4.0,0.7
342,2016-03-13,12,3,Dni wolne od pracy,23,4.0,1.0,1,1.0,0.5,2.0,5.0,3.0,0.7
343,2016-03-20,12,3,Dni wolne od pracy,23,4.0,1.0,0,1.0,0.5,3.0,6.0,2.0,0.7
344,2016-03-27,12,3,Dni wolne od pracy,23,4.0,1.0,-2,1.0,0.5,3.0,6.0,2.0,0.7
345,2016-03-01,13,3,Dni robocze,23,4.0,1.0,3,1.0,1.0,2.0,5.0,3.0,0.7
346,2016-03-02,13,3,Dni robocze,23,4.0,1.0,3,1.0,1.0,2.0,5.0,3.0,0.7
347,2016-03-03,13,3,Dni robocze,23,3.0,1.0,6,1.0,1.0,1.0,4.0,4.0,0.7
348,2016-03-04,13,3,Dni robocze,23,3.0,1.0,2,1.0,1.0,2.0,5.0,3.0,0.7
349,2016-03-05,13,3,Dni robocze,23,3.0,1.0,7,1.0,1.0,1.0,4.0,4.0,0.7
350,2016-03-08,13,3,Dni robocze,23,3.0,1.0,2,1.0,1.0,2.0,5.0,3.0,0.7
351,2016-03-09,13,3,Dni robocze,23,4.0,1.0,0,1.0,1.0,3.0,6.0,2.0,0.7
352,2016-03-10,13,3,Dni robocze,23,4.0,1.0,4,1.0,1.0,2.0,5.0,3.0,0.7
353,2016-03-11,13,3,Dni robocze,23,4.0,1.0,3,1.0,1.0,2.0,5.0,3.0,0.7
354,2016-03-12,13,3,Dni robocze,23,4.0,1.0,5,1.0,1.0,2.0,5.0,3.0,0.7
355,2016-03-15,13,3,Dni robocze,23,3.0,1.0,7,1.0,1.0,1.0,4.0,4.0,0.7
356,2016-03-16,13,3,Dni robocze,23,4.0,1.0,2,1.0,1.0,2.0,5.0,3.0,0.7
357,2016-03-17,13,3,Dni robocze,23,4.0,1.0,4,1.0,1.0,2.0,5.0,3.0,0.7
358,2016-03-18,13,3,Dni robocze,23,4.0,1.0,5,1.0,1.0,2.0,5.0,3.0,0.7
359,2016-03-19,13,3,Dni robocze,23,3.0,1.0,0,1.0,1.0,3.0,6.0,2.0,0.7
360,2016-03-22,13,3,Dni robocze,23,3.0,1.0,9,1.0,1.0,1.0,4.0,4.0,0.7
361,2016-03-23,13,3,Dni robocze,23,4.0,1.0,3,1.0,1.0,2.0,5.0,3.0,0.7
362,2016-03-24,13,3,Dni robocze,23,4.0,1.0,1,1.0,1.0,2.0,5.0,3.0,0.7
363,2016-03-25,13,3,Dni robocze,23,3.0,1.0,0,1.0,1.0,3.0,6.0,2.0,0.7
364,2016-03-26,13,3,Dni robocze,23,3.0,1.0,1,1.0,1.0,2.0,5.0,3.0,0.7
365,2016-03-29,13,3,Dni robocze,23,3.0,1.0,9,1.0,1.0,1.0,4.0,4.0,0.7
366,2016-03-30,13,3,Dni robocze,23,1.5,1.0,5,1.0,1.0,2.0,5.0,3.0,0.7
367,2016-03-31,13,3,Dni robocze,23,4.0,1.0,-2,1.0,1.0,3.0,6.0,2.0,0.7
368,2016-03-06,13,3,Dni wolne od pracy,23,3.0,1.0,12,1.0,0.5,1.0,4.0,4.0,0.7
369,2016-03-13,13,3,Dni wolne od pracy,23,4.0,1.0,-1,1.0,0.5,3.0,6.0,2.0,0.7
370,2016-03-20,13,3,Dni wolne od pracy,23,3.0,1.0,0,1.0,0.5,3.0,6.0,2.0,0.7
371,2016-03-27,13,3,Dni wolne od pracy,23,4.0,1.0,-2,1.0,0.5,3.0,6.0,2.0,0.7
372,2016-03-01,14,3,Dni robocze,23,4.0,1.0,3,1.0,1.0,2.0,5.0,3.0,0.7
373,2016-03-02,14,3,Dni robocze,23,4.0,1.0,4,1.0,1.0,2.0,5.0,3.0,0.7
374,2016-03-03,14,3,Dni robocze,23,3.0,1.0,5,1.0,1.0,2.0,5.0,3.0,0.7
375,2016-03-04,14,3,Dni robocze,23,3.0,1.0,3,1.0,1.0,2.0,5.0,3.0,0.7
376,2016-03-05,14,3,Dni robocze,23,3.0,1.0,6,1.0,1.0,1.0,4.0,4.0,0.7
377,2016-03-08,14,3,Dni robocze,23,3.0,1.0,1,1.0,1.0,2.0,5.0,3.0,0.7
378,2016-03-09,14,3,Dni robocze,23,3.0,1.0,-1,1.0,1.0,3.0,6.0,2.0,0.7
379,2016-03-10,14,3,Dni robocze,23,4.0,1.0,4,1.0,1.0,2.0,5.0,3.0,0.7
380,2016-03-11,14,3,Dni robocze,23,4.0,1.0,3,1.0,1.0,2.0,5.0,3.0,0.7
381,2016-03-12,14,3,Dni robocze,23,4.0,1.0,6,1.0,1.0,1.0,4.0,4.0,0.7
382,2016-03-15,14,3,Dni robocze,23,3.0,1.0,8,1.0,1.0,1.0,4.0,4.0,0.7
383,2016-03-16,14,3,Dni robocze,23,3.0,1.0,2,1.0,1.0,2.0,5.0,3.0,0.7
384,2016-03-17,14,3,Dni robocze,23,4.0,1.0,3,1.0,1.0,2.0,5.0,3.0,0.7
385,2016-03-18,14,3,Dni robocze,23,4.0,1.0,2,1.0,1.0,2.0,5.0,3.0,0.7
386,2016-03-19,14,3,Dni robocze,23,3.0,1.0,-1,1.0,1.0,3.0,6.0,2.0,0.7
387,2016-03-22,14,3,Dni robocze,23,3.0,1.0,11,1.0,1.0,1.0,4.0,4.0,0.7
388,2016-03-23,14,3,Dni robocze,23,4.0,1.0,2,1.0,1.0,2.0,5.0,3.0,0.7
389,2016-03-24,14,3,Dni robocze,23,4.0,1.0,1,1.0,1.0,2.0,5.0,3.0,0.7
390,2016-03-25,14,3,Dni robocze,23,3.0,1.0,2,1.0,1.0,2.0,5.0,3.0,0.7
391,2016-03-26,14,3,Dni robocze,23,3.0,1.0,3,1.0,1.0,2.0,5.0,3.0,0.7
392,2016-03-29,14,3,Dni robocze,23,3.0,1.0,11,1.0,1.0,1.0,4.0,4.0,0.7
393,2016-03-30,14,3,Dni robocze,23,3.0,1.0,5,1.0,1.0,2.0,5.0,3.0,0.7
394,2016-03-31,14,3,Dni robocze,23,4.0,1.0,-2,1.0,1.0,3.0,6.0,2.0,0.7
395,2016-03-13,14,3,Dni wolne od pracy,23,3.0,1.0,0,1.0,0.5,3.0,6.0,2.0,0.7
396,2016-03-20,14,3,Dni wolne od pracy,23,3.0,1.0,-1,1.0,0.5,3.0,6.0,2.0,0.7
397,2016-03-27,14,3,Dni wolne od pracy,23,4.0,1.0,0,1.0,0.5,3.0,6.0,2.0,0.7
398,2016-03-01,15,3,Dni robocze,23,2.0,1.0,8,2.0,2.5,1.0,4.0,4.0,0.7
399,2016-03-02,15,3,Dni robocze,23,2.0,1.0,5,2.0,2.5,2.0,5.0,3.0,0.7
400,2016-03-03,15,3,Dni robocze,23,2.0,1.0,6,2.0,2.5,1.0,4.0,4.0,0.7
401,2016-03-04,15,3,Dni robocze,23,0.5,1.0,8,2.0,2.5,1.0,4.0,4.0,0.7
402,2016-03-05,15,3,Dni robocze,23,2.0,1.0,9,2.0,2.5,1.0,4.0,4.0,0.7
403,2016-03-08,15,3,Dni robocze,23,2.0,1.0,3,2.0,2.5,2.0,5.0,3.0,0.7
404,2016-03-09,15,3,Dni robocze,23,2.0,1.0,0,2.0,2.5,3.0,6.0,2.0,0.7
405,2016-03-10,15,3,Dni robocze,23,2.0,1.0,5,2.0,2.5,2.0,5.0,3.0,0.7
406,2016-03-11,15,3,Dni robocze,23,2.0,1.0,2,2.0,2.5,2.0,5.0,3.0,0.7
407,2016-03-12,15,3,Dni robocze,23,2.0,1.0,2,2.0,2.5,2.0,5.0,3.0,0.7
408,2016-03-15,15,3,Dni robocze,23,2.0,1.0,10,2.0,2.5,1.0,4.0,4.0,0.7
409,2016-03-16,15,3,Dni robocze,23,2.0,1.0,8,2.0,2.5,1.0,4.0,4.0,0.7
410,2016-03-17,15,3,Dni robocze,23,2.0,1.0,5,2.0,2.5,2.0,5.0,3.0,0.7
411,2016-03-18,15,3,Dni robocze,23,2.0,1.0,10,2.0,2.5,1.0,4.0,4.0,0.7
412,2016-03-19,15,3,Dni robocze,23,2.0,1.0,2,2.0,2.5,2.0,5.0,3.0,0.7
413,2016-03-22,15,3,Dni robocze,23,2.0,1.0,11,2.0,2.5,1.0,4.0,4.0,0.7
414,2016-03-23,15,3,Dni robocze,23,2.0,1.0,5,2.0,2.5,2.0,5.0,3.0,0.7
415,2016-03-24,15,3,Dni robocze,23,2.0,1.0,5,2.0,2.5,2.0,5.0,3.0,0.7
416,2016-03-25,15,3,Dni robocze,23,2.0,1.0,7,2.0,2.5,1.0,4.0,4.0,0.7
417,2016-03-26,15,3,Dni robocze,23,2.0,1.0,4,2.0,2.5,2.0,5.0,3.0,0.7
418,2016-03-29,15,3,Dni robocze,23,2.0,1.0,13,2.0,2.5,1.0,4.0,4.0,0.7
419,2016-03-31,15,3,Dni robocze,23,2.0,1.0,0,2.0,2.5,3.0,6.0,2.0,0.7
420,2016-03-06,15,3,Dni wolne od pracy,23,0.5,1.0,11,1.0,0.5,1.0,4.0,4.0,0.7
421,2016-03-13,15,3,Dni wolne od pracy,23,2.0,1.0,4,1.0,0.5,2.0,5.0,3.0,0.7
422,2016-03-20,15,3,Dni wolne od pracy,23,2.0,1.0,2,1.0,0.5,2.0,5.0,3.0,0.7
423,2016-03-27,15,3,Dni wolne od pracy,23,2.0,1.0,2,1.0,0.5,2.0,5.0,3.0,0.7
424,2016-03-01,16,3,Dni robocze,23,0.0,2.0,11,2.0,2.5,1.0,4.0,4.0,1.4
425,2016-03-02,16,3,Dni robocze,23,0.0,2.0,8,2.0,2.5,1.0,4.0,4.0,1.4
426,2016-03-03,16,3,Dni robocze,23,0.0,2.0,8,2.0,2.5,1.0,4.0,4.0,1.4
427,2016-03-04,16,3,Dni robocze,23,0.0,2.0,9,2.0,2.5,1.0,4.0,4.0,1.4
428,2016-03-05,16,3,Dni robocze,23,0.0,2.0,10,2.0,2.5,1.0,4.0,4.0,1.4
429,2016-03-08,16,3,Dni robocze,23,0.0,2.0,5,2.0,2.5,2.0,5.0,3.0,1.4
430,2016-03-09,16,3,Dni robocze,23,0.0,2.0,3,2.0,2.5,2.0,5.0,3.0,1.4
431,2016-03-10,16,3,Dni robocze,23,0.0,2.0,10,2.0,2.5,1.0,4.0,4.0,1.4
432,2016-03-11,16,3,Dni robocze,23,0.0,2.0,6,2.0,2.5,1.0,4.0,4.0,1.4
433,2016-03-12,16,3,Dni robocze,23,0.0,2.0,7,2.0,2.5,1.0,4.0,4.0,1.4
434,2016-03-15,16,3,Dni robocze,23,0.0,2.0,11,2.0,2.5,1.0,4.0,4.0,1.4
435,2016-03-16,16,3,Dni robocze,23,0.0,2.0,11,2.0,2.5,1.0,4.0,4.0,1.4
436,2016-03-17,16,3,Dni robocze,23,0.0,2.0,10,2.0,2.5,1.0,4.0,4.0,1.4
437,2016-03-18,16,3,Dni robocze,23,0.0,2.0,12,2.0,2.5,1.0,4.0,4.0,1.4
438,2016-03-19,16,3,Dni robocze,23,0.0,2.0,3,2.0,2.5,2.0,5.0,3.0,1.4
439,2016-03-22,16,3,Dni robocze,23,0.0,2.0,12,2.0,2.5,1.0,4.0,4.0,1.4
440,2016-03-23,16,3,Dni robocze,23,0.0,2.0,7,2.0,2.5,1.0,4.0,4.0,1.4
441,2016-03-24,16,3,Dni robocze,23,0.0,2.0,7,2.0,2.5,1.0,4.0,4.0,1.4
442,2016-03-25,16,3,Dni robocze,23,0.0,2.0,8,2.0,2.5,1.0,4.0,4.0,1.4
443,2016-03-26,16,3,Dni robocze,23,0.0,2.0,6,2.0,2.5,1.0,4.0,4.0,1.4
444,2016-03-29,16,3,Dni robocze,23,0.0,2.0,13,2.0,2.5,1.0,4.0,4.0,1.4
445,2016-03-30,16,3,Dni robocze,23,0.0,2.0,7,2.0,2.5,1.0,4.0,4.0,1.4
446,2016-03-31,16,3,Dni robocze,23,0.0,2.0,3,2.0,2.5,2.0,5.0,3.0,1.4
447,2016-03-06,16,3,Dni wolne od pracy,23,0.0,1.0,11,1.0,0.5,1.0,4.0,4.0,0.7
448,2016-03-13,16,3,Dni wolne od pracy,23,0.0,1.0,7,1.0,0.5,1.0,4.0,4.0,0.7
449,2016-03-20,16,3,Dni wolne od pracy,23,0.0,1.0,2,1.0,0.5,2.0,5.0,3.0,0.7
450,2016-03-27,16,3,Dni wolne od pracy,23,0.0,1.0,3,1.0,0.5,2.0,5.0,3.0,0.7
451,2016-03-01,17,3,Dni robocze,23,0.0,2.0,12,2.0,2.5,1.0,4.0,4.0,1.4
452,2016-03-02,17,3,Dni robocze,23,0.0,2.0,12,2.0,2.5,1.0,4.0,4.0,1.4
453,2016-03-03,17,3,Dni robocze,23,0.0,2.0,13,2.0,2.5,1.0,4.0,4.0,1.4
454,2016-03-04,17,3,Dni robocze,23,0.0,2.0,14,2.0,2.5,1.0,4.0,4.0,1.4
455,2016-03-05,17,3,Dni robocze,23,0.0,2.0,15,2.0,2.5,1.0,4.0,4.0,1.4
456,2016-03-09,17,3,Dni robocze,23,0.0,2.0,7,2.0,2.5,1.0,4.0,4.0,1.4
457,2016-03-10,17,3,Dni robocze,23,0.0,2.0,11,2.0,2.5,1.0,4.0,4.0,1.4
458,2016-03-11,17,3,Dni robocze,23,0.0,2.0,11,2.0,2.5,1.0,4.0,4.0,1.4
459,2016-03-12,17,3,Dni robocze,23,0.0,2.0,12,2.0,2.5,1.0,4.0,4.0,1.4
460,2016-03-15,17,3,Dni robocze,23,0.0,2.0,12,2.0,2.5,1.0,4.0,4.0,1.4
461,2016-03-16,17,3,Dni robocze,23,0.0,2.0,13,2.0,2.5,1.0,4.0,4.0,1.4
462,2016-03-17,17,3,Dni robocze,23,0.0,2.0,12,2.0,2.5,1.0,4.0,4.0,1.4
463,2016-03-18,17,3,Dni robocze,23,0.0,2.0,16,2.0,2.5,0.5,2.0,6.0,1.4
464,2016-03-19,17,3,Dni robocze,23,0.0,2.0,5,2.0,2.5,2.0,5.0,3.0,1.4
465,2016-03-22,17,3,Dni robocze,23,0.0,2.0,14,2.0,2.5,1.0,4.0,4.0,1.4
466,2016-03-23,17,3,Dni robocze,23,0.0,2.0,8,2.0,2.5,1.0,4.0,4.0,1.4
467,2016-03-24,17,3,Dni robocze,23,0.0,2.0,8,2.0,2.5,1.0,4.0,4.0,1.4
468,2016-03-25,17,3,Dni robocze,23,0.0,2.0,9,2.0,2.5,1.0,4.0,4.0,1.4
469,2016-03-26,17,3,Dni robocze,23,0.0,2.0,9,2.0,2.5,1.0,4.0,4.0,1.4
470,2016-03-29,17,3,Dni robocze,23,0.0,2.0,14,2.0,2.5,1.0,4.0,4.0,1.4
471,2016-03-30,17,3,Dni robocze,23,0.0,2.0,9,2.0,2.5,1.0,4.0,4.0,1.4
472,2016-03-31,17,3,Dni robocze,23,0.0,2.0,8,2.0,2.5,1.0,4.0,4.0,1.4
473,2016-03-06,17,3,Dni wolne od pracy,23,0.0,2.0,12,1.0,0.5,1.0,4.0,4.0,1.4
474,2016-03-13,17,3,Dni wolne od pracy,23,0.0,2.0,9,1.0,0.5,1.0,4.0,4.0,1.4
475,2016-03-20,17,3,Dni wolne od pracy,23,0.0,2.0,3,1.0,0.5,2.0,5.0,3.0,1.4
476,2016-03-27,17,3,Dni wolne od pracy,23,0.0,2.0,6,1.0,0.5,1.0,4.0,4.0,1.4
477,2016-03-01,18,3,Dni robocze,23,0.0,2.0,13,2.0,2.5,1.0,4.0,4.0,1.4
478,2016-03-02,18,3,Dni robocze,23,0.0,2.0,14,2.0,2.5,1.0,4.0,4.0,1.4
479,2016-03-03,18,3,Dni robocze,23,0.0,2.0,14,2.0,2.5,1.0,4.0,4.0,1.4
480,2016-03-04,18,3,Dni robocze,23,0.0,2.0,15,2.0,2.5,1.0,4.0,4.0,1.4
481,2016-03-05,18,3,Dni robocze,23,0.0,2.0,15,2.0,2.5,1.0,4.0,4.0,1.4
482,2016-03-08,18,3,Dni robocze,23,0.0,2.0,10,2.0,2.5,1.0,4.0,4.0,1.4
483,2016-03-09,18,3,Dni robocze,23,0.0,2.0,11,2.0,2.5,1.0,4.0,4.0,1.4
484,2016-03-10,18,3,Dni robocze,23,0.0,2.0,14,2.0,2.5,1.0,4.0,4.0,1.4
485,2016-03-11,18,3,Dni robocze,23,0.0,2.0,16,2.0,2.5,0.5,2.0,6.0,1.4
486,2016-03-12,18,3,Dni robocze,23,0.0,2.0,16,2.0,2.5,0.5,2.0,6.0,1.4
487,2016-03-15,18,3,Dni robocze,23,0.0,2.0,12,2.0,2.5,1.0,4.0,4.0,1.4
488,2016-03-16,18,3,Dni robocze,23,0.0,2.0,13,2.0,2.5,1.0,4.0,4.0,1.4
489,2016-03-17,18,3,Dni robocze,23,0.0,2.0,13,2.0,2.5,1.0,4.0,4.0,1.4
490,2016-03-18,18,3,Dni robocze,23,0.0,2.0,16,2.0,2.5,0.5,2.0,6.0,1.4
491,2016-03-19,18,3,Dni robocze,23,0.0,2.0,6,2.0,2.5,1.0,4.0,4.0,1.4
492,2016-03-22,18,3,Dni robocze,23,0.0,2.0,20,2.0,2.5,0.5,2.0,6.0,1.4
493,2016-03-23,18,3,Dni robocze,23,0.0,2.0,8,2.0,2.5,1.0,4.0,4.0,1.4
494,2016-03-24,18,3,Dni robocze,23,0.0,2.0,10,2.0,2.5,1.0,4.0,4.0,1.4
495,2016-03-25,18,3,Dni robocze,23,0.0,2.0,13,2.0,2.5,1.0,4.0,4.0,1.4
496,2016-03-26,18,3,Dni robocze,23,0.0,2.0,15,2.0,2.5,1.0,4.0,4.0,1.4
497,2016-03-29,18,3,Dni robocze,23,0.0,2.0,18,2.0,2.5,0.5,2.0,6.0,1.4
498,2016-03-30,18,3,Dni robocze,23,0.0,2.0,10,2.0,2.5,1.0,4.0,4.0,1.4
499,2016-03-31,18,3,Dni robocze,23,0.0,2.0,10,2.0,2.5,1.0,4.0,4.0,1.4
500,2016-03-06,18,3,Dni wolne od pracy,23,0.0,2.0,16,1.0,0.5,0.5,2.0,6.0,1.4
501,2016-03-13,18,3,Dni wolne od pracy,23,0.0,2.0,12,1.0,0.5,1.0,4.0,4.0,1.4
502,2016-03-20,18,3,Dni wolne od pracy,23,0.0,2.0,7,1.0,0.5,1.0,4.0,4.0,1.4
503,2016-03-27,18,3,Dni wolne od pracy,23,0.0,2.0,10,1.0,0.5,1.0,4.0,4.0,1.4
504,2016-03-01,19,3,Dni robocze,23,0.0,2.0,15,2.0,2.5,1.0,4.0,4.0,1.4
505,2016-03-02,19,3,Dni robocze,23,0.0,2.0,17,2.0,2.5,0.5,2.0,6.0,1.4
506,2016-03-03,19,3,Dni robocze,23,0.0,2.0,17,2.0,2.5,0.5,2.0,6.0,1.4
507,2016-03-04,19,3,Dni robocze,23,0.0,2.0,18,2.0,2.5,0.5,2.0,6.0,1.4
508,2016-03-05,19,3,Dni robocze,23,0.0,2.0,17,2.0,2.5,0.5,2.0,6.0,1.4
509,2016-03-08,19,3,Dni robocze,23,0.0,2.0,11,2.0,2.5,1.0,4.0,4.0,1.4
510,2016-03-09,19,3,Dni robocze,23,0.0,2.0,12,2.0,2.5,1.0,4.0,4.0,1.4
511,2016-03-10,19,3,Dni robocze,23,0.0,2.0,16,2.0,2.5,0.5,2.0,6.0,1.4
512,2016-03-11,19,3,Dni robocze,23,0.0,2.0,16,2.0,2.5,0.5,2.0,6.0,1.4
513,2016-03-12,19,3,Dni robocze,23,0.0,2.0,15,2.0,2.5,1.0,4.0,4.0,1.4
514,2016-03-15,19,3,Dni robocze,23,0.0,2.0,12,2.0,2.5,1.0,4.0,4.0,1.4
515,2016-03-16,19,3,Dni robocze,23,0.0,2.0,14,2.0,2.5,1.0,4.0,4.0,1.4
516,2016-03-17,19,3,Dni robocze,23,0.0,2.0,16,2.0,2.5,0.5,2.0,6.0,1.4
517,2016-03-18,19,3,Dni robocze,23,0.0,2.0,17,2.0,2.5,0.5,2.0,6.0,1.4
518,2016-03-19,19,3,Dni robocze,23,0.0,2.0,11,2.0,2.5,1.0,4.0,4.0,1.4
519,2016-03-22,19,3,Dni robocze,23,0.0,2.0,21,2.0,2.5,0.0,,,1.4
520,2016-03-23,19,3,Dni robocze,23,0.0,2.0,9,2.0,2.5,1.0,4.0,4.0,1.4
521,2016-03-24,19,3,Dni robocze,23,0.0,2.0,11,2.0,2.5,1.0,4.0,4.0,1.4
522,2016-03-25,19,3,Dni robocze,23,0.0,2.0,13,2.0,2.5,1.0,4.0,4.0,1.4
523,2016-03-26,19,3,Dni robocze,23,0.0,2.0,15,2.0,2.5,1.0,4.0,4.0,1.4
524,2016-03-29,19,3,Dni robocze,23,0.0,2.0,19,2.0,2.5,0.5,2.0,6.0,1.4
525,2016-03-30,19,3,Dni robocze,23,0.0,2.0,10,2.0,2.5,1.0,4.0,4.0,1.4
526,2016-03-31,19,3,Dni robocze,23,0.0,2.0,11,2.0,2.5,1.0,4.0,4.0,1.4
527,2016-03-06,19,3,Dni wolne od pracy,23,0.0,2.0,16,1.0,0.5,0.5,2.0,6.0,1.4
528,2016-03-13,19,3,Dni wolne od pracy,23,0.0,2.0,12,1.0,0.5,1.0,4.0,4.0,1.4
529,2016-03-20,19,3,Dni wolne od pracy,23,0.0,2.0,8,1.0,0.5,1.0,4.0,4.0,1.4
530,2016-03-27,19,3,Dni wolne od pracy,23,0.0,2.0,10,1.0,0.5,1.0,4.0,4.0,1.4
531,2016-03-01,20,3,Dni robocze,23,0.0,1.0,17,2.0,2.5,0.5,2.0,6.0,0.7
532,2016-03-02,20,3,Dni robocze,23,0.0,1.0,19,2.0,2.5,0.5,2.0,6.0,0.7
533,2016-03-03,20,3,Dni robocze,23,0.0,1.0,18,2.0,2.5,0.5,2.0,6.0,0.7
534,2016-03-04,20,3,Dni robocze,23,0.0,1.0,19,2.0,2.5,0.5,2.0,6.0,0.7
535,2016-03-05,20,3,Dni robocze,23,0.0,1.0,16,2.0,2.5,0.5,2.0,6.0,0.7
536,2016-03-08,20,3,Dni robocze,23,0.0,1.0,12,2.0,2.5,1.0,4.0,4.0,0.7
537,2016-03-09,20,3,Dni robocze,23,0.0,1.0,14,2.0,2.5,1.0,4.0,4.0,0.7
538,2016-03-10,20,3,Dni robocze,23,0.0,1.0,17,2.0,2.5,0.5,2.0,6.0,0.7
539,2016-03-11,20,3,Dni robocze,23,0.0,1.0,18,2.0,2.5,0.5,2.0,6.0,0.7
540,2016-03-15,20,3,Dni robocze,23,0.0,1.0,13,2.0,2.5,1.0,4.0,4.0,0.7
541,2016-03-16,20,3,Dni robocze,23,0.0,1.0,15,2.0,2.5,1.0,4.0,4.0,0.7
542,2016-03-17,20,3,Dni robocze,23,0.0,1.0,16,2.0,2.5,0.5,2.0,6.0,0.7
543,2016-03-18,20,3,Dni robocze,23,0.0,1.0,17,2.0,2.5,0.5,2.0,6.0,0.7
544,2016-03-19,20,3,Dni robocze,23,0.0,1.0,11,2.0,2.5,1.0,4.0,4.0,0.7
545,2016-03-22,20,3,Dni robocze,23,0.0,1.0,22,2.0,2.5,0.0,,,0.7
546,2016-03-23,20,3,Dni robocze,23,0.0,1.0,10,2.0,2.5,1.0,4.0,4.0,0.7
547,2016-03-24,20,3,Dni robocze,23,0.0,1.0,12,2.0,2.5,1.0,4.0,4.0,0.7
548,2016-03-25,20,3,Dni robocze,23,0.0,1.0,15,2.0,2.5,1.0,4.0,4.0,0.7
549,2016-03-26,20,3,Dni robocze,23,0.0,1.0,16,2.0,2.5,0.5,2.0,6.0,0.7
550,2016-03-29,20,3,Dni robocze,23,0.0,1.0,19,2.0,2.5,0.5,2.0,6.0,0.7
551,2016-03-30,20,3,Dni robocze,23,0.0,1.0,10,2.0,2.5,1.0,4.0,4.0,0.7
552,2016-03-31,20,3,Dni robocze,23,0.0,1.0,11,2.0,2.5,1.0,4.0,4.0,0.7
553,2016-03-06,20,3,Dni wolne od pracy,23,0.0,2.0,17,1.0,0.5,0.5,2.0,6.0,1.4
554,2016-03-13,20,3,Dni wolne od pracy,23,0.0,2.0,14,1.0,0.5,1.0,4.0,4.0,1.4
555,2016-03-20,20,3,Dni wolne od pracy,23,0.0,2.0,10,1.0,0.5,1.0,4.0,4.0,1.4
556,2016-03-27,20,3,Dni wolne od pracy,23,0.0,2.0,12,1.0,0.5,1.0,4.0,4.0,1.4
557,2016-03-01,21,3,Dni robocze,23,0.0,1.0,18,2.0,2.5,0.5,2.0,6.0,0.7
558,2016-03-02,21,3,Dni robocze,23,0.0,1.0,22,2.0,2.5,0.0,,,0.7
559,2016-03-03,21,3,Dni robocze,23,0.0,1.0,20,2.0,2.5,0.5,2.0,6.0,0.7
560,2016-03-04,21,3,Dni robocze,23,0.0,1.0,22,2.0,2.5,0.0,,,0.7
561,2016-03-05,21,3,Dni robocze,23,0.0,1.0,20,2.0,2.5,0.5,2.0,6.0,0.7
562,2016-03-08,21,3,Dni robocze,23,0.0,1.0,12,2.0,2.5,1.0,4.0,4.0,0.7
563,2016-03-09,21,3,Dni robocze,23,0.0,1.0,14,2.0,2.5,1.0,4.0,4.0,0.7
564,2016-03-10,21,3,Dni robocze,23,0.0,1.0,17,2.0,2.5,0.5,2.0,6.0,0.7
565,2016-03-11,21,3,Dni robocze,23,0.0,1.0,20,2.0,2.5,0.5,2.0,6.0,0.7
566,2016-03-12,21,3,Dni robocze,23,0.0,1.0,12,2.0,2.5,1.0,4.0,4.0,0.7
567,2016-03-15,21,3,Dni robocze,23,0.0,1.0,14,2.0,2.5,1.0,4.0,4.0,0.7
568,2016-03-16,21,3,Dni robocze,23,0.0,1.0,17,2.0,2.5,0.5,2.0,6.0,0.7
569,2016-03-17,21,3,Dni robocze,23,0.0,1.0,18,2.0,2.5,0.5,2.0,6.0,0.7
570,2016-03-18,21,3,Dni robocze,23,0.0,1.0,19,2.0,2.5,0.5,2.0,6.0,0.7
571,2016-03-19,21,3,Dni robocze,23,0.0,1.0,13,2.0,2.5,1.0,4.0,4.0,0.7
572,2016-03-22,21,3,Dni robocze,23,0.0,1.0,23,2.0,2.5,0.0,,,0.7
573,2016-03-23,21,3,Dni robocze,23,0.0,1.0,11,2.0,2.5,1.0,4.0,4.0,0.7
574,2016-03-24,21,3,Dni robocze,23,0.0,1.0,13,2.0,2.5,1.0,4.0,4.0,0.7
575,2016-03-25,21,3,Dni robocze,23,0.0,1.0,16,2.0,2.5,0.5,2.0,6.0,0.7
576,2016-03-26,21,3,Dni robocze,23,0.0,1.0,16,2.0,2.5,0.5,2.0,6.0,0.7
577,2016-03-30,21,3,Dni robocze,23,0.0,1.0,10,2.0,2.5,1.0,4.0,4.0,0.7
578,2016-03-31,21,3,Dni robocze,23,0.0,1.0,12,2.0,2.5,1.0,4.0,4.0,0.7
579,2016-03-06,21,3,Dni wolne od pracy,23,0.0,2.0,18,1.0,0.5,0.5,2.0,6.0,1.4
580,2016-03-13,21,3,Dni wolne od pracy,23,0.0,2.0,15,1.0,0.5,1.0,4.0,4.0,1.4
581,2016-03-20,21,3,Dni wolne od pracy,23,0.0,2.0,12,1.0,0.5,1.0,4.0,4.0,1.4
582,2016-03-27,21,3,Dni wolne od pracy,23,0.0,2.0,13,1.0,0.5,1.0,4.0,4.0,1.4
583,2016-03-01,22,3,Dni robocze,23,0.0,1.0,18,1.0,0.5,0.5,2.0,6.0,0.7
584,2016-03-02,22,3,Dni robocze,23,0.0,1.0,22,1.0,0.5,0.0,,,0.7
585,2016-03-03,22,3,Dni robocze,23,0.0,1.0,20,1.0,0.5,0.5,2.0,6.0,0.7
586,2016-03-04,22,3,Dni robocze,23,0.0,1.0,22,1.0,0.5,0.0,,,0.7
587,2016-03-05,22,3,Dni robocze,23,0.0,1.0,19,1.0,0.5,0.5,2.0,6.0,0.7
588,2016-03-08,22,3,Dni robocze,23,0.0,1.0,12,1.0,0.5,1.0,4.0,4.0,0.7
589,2016-03-09,22,3,Dni robocze,23,0.0,1.0,16,1.0,0.5,0.5,2.0,6.0,0.7
590,2016-03-10,22,3,Dni robocze,23,0.0,1.0,18,1.0,0.5,0.5,2.0,6.0,0.7
591,2016-03-11,22,3,Dni robocze,23,0.0,1.0,21,1.0,0.5,0.0,,,0.7
592,2016-03-12,22,3,Dni robocze,23,0.0,1.0,12,1.0,0.5,1.0,4.0,4.0,0.7
593,2016-03-15,22,3,Dni robocze,23,0.0,1.0,14,1.0,0.5,1.0,4.0,4.0,0.7
594,2016-03-16,22,3,Dni robocze,23,0.0,1.0,17,1.0,0.5,0.5,2.0,6.0,0.7
595,2016-03-17,22,3,Dni robocze,23,0.0,1.0,19,1.0,0.5,0.5,2.0,6.0,0.7
596,2016-03-18,22,3,Dni robocze,23,0.0,1.0,20,1.0,0.5,0.5,2.0,6.0,0.7
597,2016-03-19,22,3,Dni robocze,23,0.0,1.0,14,1.0,0.5,1.0,4.0,4.0,0.7
598,2016-03-23,22,3,Dni robocze,23,0.0,1.0,11,1.0,0.5,1.0,4.0,4.0,0.7
599,2016-03-24,22,3,Dni robocze,23,0.0,1.0,14,1.0,0.5,1.0,4.0,4.0,0.7
600,2016-03-25,22,3,Dni robocze,23,0.0,1.0,18,1.0,0.5,0.5,2.0,6.0,0.7
601,2016-03-26,22,3,Dni robocze,23,0.0,1.0,16,1.0,0.5,0.5,2.0,6.0,0.7
602,2016-03-29,22,3,Dni robocze,23,0.0,1.0,21,1.0,0.5,0.0,,,0.7
603,2016-03-30,22,3,Dni robocze,23,0.0,1.0,10,1.0,0.5,1.0,4.0,4.0,0.7
604,2016-03-31,22,3,Dni robocze,23,0.0,1.0,13,1.0,0.5,1.0,4.0,4.0,0.7
605,2016-03-06,22,3,Dni wolne od pracy,23,0.0,2.0,19,1.0,0.5,0.5,2.0,6.0,1.4
606,2016-03-13,22,3,Dni wolne od pracy,23,0.0,2.0,17,1.0,0.5,0.5,2.0,6.0,1.4
607,2016-03-20,22,3,Dni wolne od pracy,23,0.0,2.0,14,1.0,0.5,1.0,4.0,4.0,1.4
608,2016-03-27,22,3,Dni wolne od pracy,23,0.0,2.0,15,1.0,0.5,1.0,4.0,4.0,1.4
609,2016-03-01,23,3,Dni robocze,23,0.0,1.0,19,1.0,0.5,0.5,2.0,6.0,0.7
610,2016-03-02,23,3,Dni robocze,23,0.0,1.0,22,1.0,0.5,0.0,,,0.7
611,2016-03-03,23,3,Dni robocze,23,0.0,1.0,20,1.0,0.5,0.5,2.0,6.0,0.7
612,2016-03-04,23,3,Dni robocze,23,0.0,1.0,23,1.0,0.5,0.0,,,0.7
613,2016-03-05,23,3,Dni robocze,23,0.0,1.0,19,1.0,0.5,0.5,2.0,6.0,0.7
614,2016-03-09,23,3,Dni robocze,23,0.0,1.0,15,1.0,0.5,1.0,4.0,4.0,0.7
615,2016-03-10,23,3,Dni robocze,23,0.0,1.0,17,1.0,0.5,0.5,2.0,6.0,0.7
616,2016-03-11,23,3,Dni robocze,23,0.0,1.0,20,1.0,0.5,0.5,2.0,6.0,0.7
617,2016-03-12,23,3,Dni robocze,23,0.0,1.0,12,1.0,0.5,1.0,4.0,4.0,0.7
618,2016-03-15,23,3,Dni robocze,23,0.0,1.0,15,1.0,0.5,1.0,4.0,4.0,0.7
619,2016-03-16,23,3,Dni robocze,23,0.0,1.0,18,1.0,0.5,0.5,2.0,6.0,0.7
620,2016-03-17,23,3,Dni robocze,23,0.0,1.0,20,1.0,0.5,0.5,2.0,6.0,0.7
621,2016-03-18,23,3,Dni robocze,23,0.0,1.0,19,1.0,0.5,0.5,2.0,6.0,0.7
622,2016-03-19,23,3,Dni robocze,23,0.0,1.0,16,1.0,0.5,0.5,2.0,6.0,0.7
623,2016-03-22,23,3,Dni robocze,23,0.0,1.0,22,1.0,0.5,0.0,,,0.7
624,2016-03-23,23,3,Dni robocze,23,0.0,1.0,11,1.0,0.5,1.0,4.0,4.0,0.7
625,2016-03-24,23,3,Dni robocze,23,0.0,1.0,14,1.0,0.5,1.0,4.0,4.0,0.7
626,2016-03-25,23,3,Dni robocze,23,0.0,1.0,16,1.0,0.5,0.5,2.0,6.0,0.7
627,2016-03-26,23,3,Dni robocze,23,0.0,1.0,15,1.0,0.5,1.0,4.0,4.0,0.7
628,2016-03-30,23,3,Dni robocze,23,0.0,1.0,10,1.0,0.5,1.0,4.0,4.0,0.7
629,2016-03-13,23,3,Dni wolne od pracy,23,0.0,2.0,17,1.0,0.5,0.5,2.0,6.0,1.4
630,2016-03-20,23,3,Dni wolne od pracy,23,0.0,2.0,15,1.0,0.5,1.0,4.0,4.0,1.4
631,2016-03-27,23,3,Dni wolne od pracy,23,0.0,2.0,15,1.0,0.5,1.0,4.0,4.0,1.4
